path,spoken_language,signed_language,start,end,words,glosses,priority
https://pub-42e8cb2c99e341d593579b74af71b94a.r2.dev/Videos/output/ATM.mp4,en,ins,0,0,ATM,ATM,0
https://pub-42e8cb2c99e341d593579b74af71b94a.r2.dev/Videos/output/Able_Can.mp4,en,ins,0,0,Able,ABLE,0
https://pub-42e8cb2c99e341d593579b74af71b94a.r2.dev/Videos/output/Abode.mp4,en,ins,0,0,Abode,ABODE,0
https://pub-42e8cb2c99e341d593579b74af71b94a.r2.dev/Videos/output/Abort_Cancel.mp4,en,ins,0,0,Abort,ABORT,0
https://pub-42e8cb2c99e341d593579b74af71b94a.r2.dev/Videos/output/Abroad_Overseas.mp4,en,ins,0,0,Abroad,ABROAD,0
https://pub-42e8cb2c99e341d593579b74af71b94a.r2.dev/Videos/output/Absent.mp4,en,ins,0,0,Absent,ABSENT,0
https://pub-42e8cb2c99e341d593579b74af71b94a.r2.dev/Videos/output/Absorption.mp4,en,ins,0,0,Absorption,ABSORPTION,0
https://pub-42e8cb2c99e341d593579b74af71b94a.r2.dev/Videos/output/Accept.mp4,en,ins,0,0,Accept,ACCEPT,0
https://pub-42e8cb2c99e341d593579b74af71b94a.r2.dev/Videos/output/Accident.mp4,en,ins,0,0,Accident,ACCIDENT,0
https://pub-42e8cb2c99e341d593579b74af71b94a.r2.dev/Videos/output/Accompany.mp4,en,ins,0,0,Accompany,ACCOMPANY,0
https://pub-42e8cb2c99e341d593579b74af71b94a.r2.dev/Videos/output/Accounts.mp4,en,ins,0,0,Accounts,ACCOUNTS,0
https://pub-42e8cb2c99e341d593579b74af71b94a.r2.dev/Videos/output/Accuse_Blame.mp4,en,ins,0,0,Accuse,ACCUSE,0
https://pub-42e8cb2c99e341d593579b74af71b94a.r2.dev/Videos/output/Ache_Pain.mp4,en,ins,0,0,Ache,ACHE,0
https://pub-42e8cb2c99e341d593579b74af71b94a.r2.dev/Videos/output/Achieve.mp4,en,ins,0,0,Achieve,ACHIEVE,0
https://pub-42e8cb2c99e341d593579b74af71b94a.r2.dev/Videos/output/Across.mp4,en,ins,0,0,Across,ACROSS,0
https://pub-42e8cb2c99e341d593579b74af71b94a.r2.dev/Videos/output/Action.mp4,en,ins,0,0,Action,ACTION,0
https://pub-42e8cb2c99e341d593579b74af71b94a.r2.dev/Videos/output/Actor.mp4,en,ins,0,0,Actor,ACTOR,0
https://pub-42e8cb2c99e341d593579b74af71b94a.r2.dev/Videos/output/Add_More.mp4,en,ins,0,0,Add,ADD,0
https://pub-42e8cb2c99e341d593579b74af71b94a.r2.dev/Videos/output/Addict.mp4,en,ins,0,0,Addict,ADDICT,0
https://pub-42e8cb2c99e341d593579b74af71b94a.r2.dev/Videos/output/Addition.mp4,en,ins,0,0,Addition,ADDITION,0
https://pub-42e8cb2c99e341d593579b74af71b94a.r2.dev/Videos/output/Address.mp4,en,ins,0,0,Address,ADDRESS,0
https://pub-42e8cb2c99e341d593579b74af71b94a.r2.dev/Videos/output/Adopt.mp4,en,ins,0,0,Adopt,ADOPT,0
https://pub-42e8cb2c99e341d593579b74af71b94a.r2.dev/Videos/output/Adult.mp4,en,ins,0,0,Adult,ADULT,0
https://pub-42e8cb2c99e341d593579b74af71b94a.r2.dev/Videos/output/Advance.mp4,en,ins,0,0,Advance,ADVANCE,0
https://pub-42e8cb2c99e341d593579b74af71b94a.r2.dev/Videos/output/Advantage.mp4,en,ins,0,0,Advantage,ADVANTAGE,0
https://pub-42e8cb2c99e341d593579b74af71b94a.r2.dev/Videos/output/Aeroplane.mp4,en,ins,0,0,Aeroplane,AEROPLANE,0
https://pub-42e8cb2c99e341d593579b74af71b94a.r2.dev/Videos/output/After.mp4,en,ins,0,0,After,AFTER,0
https://pub-42e8cb2c99e341d593579b74af71b94a.r2.dev/Videos/output/Afternoon.mp4,en,ins,0,0,Afternoon,AFTERNOON,0
https://pub-42e8cb2c99e341d593579b74af71b94a.r2.dev/Videos/output/Again_Repeat.mp4,en,ins,0,0,Again,AGAIN,0
https://pub-42e8cb2c99e341d593579b74af71b94a.r2.dev/Videos/output/Age.mp4,en,ins,0,0,Age,AGE,0
https://pub-42e8cb2c99e341d593579b74af71b94a.r2.dev/Videos/output/Agree.mp4,en,ins,0,0,Agree,AGREE,0
https://pub-42e8cb2c99e341d593579b74af71b94a.r2.dev/Videos/output/Air.mp4,en,ins,0,0,Air,AIR,0
https://pub-42e8cb2c99e341d593579b74af71b94a.r2.dev/Videos/output/Airport.mp4,en,ins,0,0,Airport,AIRPORT,0
https://pub-42e8cb2c99e341d593579b74af71b94a.r2.dev/Videos/output/Alert.mp4,en,ins,0,0,Alert,ALERT,0
https://pub-42e8cb2c99e341d593579b74af71b94a.r2.dev/Videos/output/Alike.mp4,en,ins,0,0,Alike,ALIKE,0
https://pub-42e8cb2c99e341d593579b74af71b94a.r2.dev/Videos/output/Alive.mp4,en,ins,0,0,Alive,ALIVE,0
https://pub-42e8cb2c99e341d593579b74af71b94a.r2.dev/Videos/output/All.mp4,en,ins,0,0,All,ALL,0
https://pub-42e8cb2c99e341d593579b74af71b94a.r2.dev/Videos/output/Allow.mp4,en,ins,0,0,Allow,ALLOW,0
https://pub-42e8cb2c99e341d593579b74af71b94a.r2.dev/Videos/output/Almost_Nearly.mp4,en,ins,0,0,Almost,ALMOST,0
https://pub-42e8cb2c99e341d593579b74af71b94a.r2.dev/Videos/output/Already.mp4,en,ins,0,0,Already,ALREADY,0
https://pub-42e8cb2c99e341d593579b74af71b94a.r2.dev/Videos/output/Amazon.mp4,en,ins,0,0,Amazon,AMAZON,0
https://pub-42e8cb2c99e341d593579b74af71b94a.r2.dev/Videos/output/Ambulance.mp4,en,ins,0,0,Ambulance,AMBULANCE,0
https://pub-42e8cb2c99e341d593579b74af71b94a.r2.dev/Videos/output/Among.mp4,en,ins,0,0,Among,AMONG,0
https://pub-42e8cb2c99e341d593579b74af71b94a.r2.dev/Videos/output/Amount.mp4,en,ins,0,0,Amount,AMOUNT,0
https://pub-42e8cb2c99e341d593579b74af71b94a.r2.dev/Videos/output/Analysis.mp4,en,ins,0,0,Analysis,ANALYSIS,0
https://pub-42e8cb2c99e341d593579b74af71b94a.r2.dev/Videos/output/Animals.mp4,en,ins,0,0,Animals,ANIMALS,0
https://pub-42e8cb2c99e341d593579b74af71b94a.r2.dev/Videos/output/Ankle.mp4,en,ins,0,0,Ankle,ANKLE,0
https://pub-42e8cb2c99e341d593579b74af71b94a.r2.dev/Videos/output/Answer.mp4,en,ins,0,0,Answer,ANSWER,0
https://pub-42e8cb2c99e341d593579b74af71b94a.r2.dev/Videos/output/Anxious.mp4,en,ins,0,0,Anxious,ANXIOUS,0
https://pub-42e8cb2c99e341d593579b74af71b94a.r2.dev/Videos/output/Any.mp4,en,ins,0,0,Any,ANY,0
https://pub-42e8cb2c99e341d593579b74af71b94a.r2.dev/Videos/output/Apartment.mp4,en,ins,0,0,Apartment,APARTMENT,0
https://pub-42e8cb2c99e341d593579b74af71b94a.r2.dev/Videos/output/Appearance.mp4,en,ins,0,0,Appearance,APPEARANCE,0
https://pub-42e8cb2c99e341d593579b74af71b94a.r2.dev/Videos/output/Apple.mp4,en,ins,0,0,Apple,APPLE,0
https://pub-42e8cb2c99e341d593579b74af71b94a.r2.dev/Videos/output/Application.mp4,en,ins,0,0,Application,APPLICATION,0
https://pub-42e8cb2c99e341d593579b74af71b94a.r2.dev/Videos/output/Apply.mp4,en,ins,0,0,Apply,APPLY,0
https://pub-42e8cb2c99e341d593579b74af71b94a.r2.dev/Videos/output/Approve.mp4,en,ins,0,0,Approve,APPROVE,0
https://pub-42e8cb2c99e341d593579b74af71b94a.r2.dev/Videos/output/April.mp4,en,ins,0,0,April,APRIL,0
https://pub-42e8cb2c99e341d593579b74af71b94a.r2.dev/Videos/output/Area.mp4,en,ins,0,0,Area,AREA,0
https://pub-42e8cb2c99e341d593579b74af71b94a.r2.dev/Videos/output/Arm.mp4,en,ins,0,0,Arm,ARM,0
https://pub-42e8cb2c99e341d593579b74af71b94a.r2.dev/Videos/output/Around.mp4,en,ins,0,0,Around,AROUND,0
https://pub-42e8cb2c99e341d593579b74af71b94a.r2.dev/Videos/output/Ashamed.mp4,en,ins,0,0,Ashamed,ASHAMED,0
https://pub-42e8cb2c99e341d593579b74af71b94a.r2.dev/Videos/output/Ask.mp4,en,ins,0,0,Ask,ASK,0
https://pub-42e8cb2c99e341d593579b74af71b94a.r2.dev/Videos/output/Assume.mp4,en,ins,0,0,Assume,ASSUME,0
https://pub-42e8cb2c99e341d593579b74af71b94a.r2.dev/Videos/output/Atmosphere.mp4,en,ins,0,0,Atmosphere,ATMOSPHERE,0
https://pub-42e8cb2c99e341d593579b74af71b94a.r2.dev/Videos/output/Attitude.mp4,en,ins,0,0,Attitude,ATTITUDE,0
https://pub-42e8cb2c99e341d593579b74af71b94a.r2.dev/Videos/output/August.mp4,en,ins,0,0,August,AUGUST,0
https://pub-42e8cb2c99e341d593579b74af71b94a.r2.dev/Videos/output/Automatic.mp4,en,ins,0,0,Automatic,AUTOMATIC,0
https://pub-42e8cb2c99e341d593579b74af71b94a.r2.dev/Videos/output/Autorickshaw.mp4,en,ins,0,0,Autorickshaw,AUTORICKSHAW,0
https://pub-42e8cb2c99e341d593579b74af71b94a.r2.dev/Videos/output/Available.mp4,en,ins,0,0,Available,AVAILABLE,0
https://pub-42e8cb2c99e341d593579b74af71b94a.r2.dev/Videos/output/Away.mp4,en,ins,0,0,Away,AWAY,0
https://pub-42e8cb2c99e341d593579b74af71b94a.r2.dev/Videos/output/Baby.mp4,en,ins,0,0,Baby,BABY,0
https://pub-42e8cb2c99e341d593579b74af71b94a.r2.dev/Videos/output/Bag.mp4,en,ins,0,0,Bag,BAG,0
https://pub-42e8cb2c99e341d593579b74af71b94a.r2.dev/Videos/output/Band-Aid.mp4,en,ins,0,0,Bandage,BANDAGE,0
https://pub-42e8cb2c99e341d593579b74af71b94a.r2.dev/Videos/output/Beard.mp4,en,ins,0,0,Beard,BEARD,0
https://pub-42e8cb2c99e341d593579b74af71b94a.r2.dev/Videos/output/Before.mp4,en,ins,0,0,Before,BEFORE,0
https://pub-42e8cb2c99e341d593579b74af71b94a.r2.dev/Videos/output/Bike_Motorcycle.mp4,en,ins,0,0,Bike,BIKE,0
https://pub-42e8cb2c99e341d593579b74af71b94a.r2.dev/Videos/output/Black.mp4,en,ins,0,0,Black,BLACK,0
https://pub-42e8cb2c99e341d593579b74af71b94a.r2.dev/Videos/output/Blanket.mp4,en,ins,0,0,Blanket,BLANKET,0
https://pub-42e8cb2c99e341d593579b74af71b94a.r2.dev/Videos/output/Break_up.mp4,en,ins,0,0,Break up,BREAK_UP,0
https://pub-42e8cb2c99e341d593579b74af71b94a.r2.dev/Videos/output/Bucket.mp4,en,ins,0,0,Bucket,BUCKET,0
https://pub-42e8cb2c99e341d593579b74af71b94a.r2.dev/Videos/output/Bus.mp4,en,ins,0,0,Bus,BUS,0
https://pub-42e8cb2c99e341d593579b74af71b94a.r2.dev/Videos/output/Call_(Someone_Called_Me).mp4,en,ins,0,0,Call,CALL,0
https://pub-42e8cb2c99e341d593579b74af71b94a.r2.dev/Videos/output/Cartoon.mp4,en,ins,0,0,Cartoon,CARTOON,0
https://pub-42e8cb2c99e341d593579b74af71b94a.r2.dev/Videos/output/Catch.mp4,en,ins,0,0,Catch,CATCH,0
https://pub-42e8cb2c99e341d593579b74af71b94a.r2.dev/Videos/output/Charger_(Phone).mp4,en,ins,0,0,Charger,CHARGER,0
https://pub-42e8cb2c99e341d593579b74af71b94a.r2.dev/Videos/output/Chocolate.mp4,en,ins,0,0,Chocolate,CHOCOLATE,0
https://pub-42e8cb2c99e341d593579b74af71b94a.r2.dev/Videos/output/Christmas.mp4,en,ins,0,0,Christmas,CHRISTMAS,0
https://pub-42e8cb2c99e341d593579b74af71b94a.r2.dev/Videos/output/Circus.mp4,en,ins,0,0,Circus,CIRCUS,0
https://pub-42e8cb2c99e341d593579b74af71b94a.r2.dev/Videos/output/Class.mp4,en,ins,0,0,Class,CLASS,0
https://pub-42e8cb2c99e341d593579b74af71b94a.r2.dev/Videos/output/Clock.mp4,en,ins,0,0,Clock,CLOCK,0
https://pub-42e8cb2c99e341d593579b74af71b94a.r2.dev/Videos/output/Cold.mp4,en,ins,0,0,Cold,COLD,0
https://pub-42e8cb2c99e341d593579b74af71b94a.r2.dev/Videos/output/Cop.mp4,en,ins,0,0,Cop,COP,0
https://pub-42e8cb2c99e341d593579b74af71b94a.r2.dev/Videos/output/Correct.mp4,en,ins,0,0,Correct,CORRECT,0
https://pub-42e8cb2c99e341d593579b74af71b94a.r2.dev/Videos/output/Cost.mp4,en,ins,0,0,Cost,COST,0
https://pub-42e8cb2c99e341d593579b74af71b94a.r2.dev/Videos/output/Cricket.mp4,en,ins,0,0,Cricket,CRICKET,0
https://pub-42e8cb2c99e341d593579b74af71b94a.r2.dev/Videos/output/Curd.mp4,en,ins,0,0,Curd,CURD,0
https://pub-42e8cb2c99e341d593579b74af71b94a.r2.dev/Videos/output/Cure.mp4,en,ins,0,0,Cure,CURE,0
https://pub-42e8cb2c99e341d593579b74af71b94a.r2.dev/Videos/output/Cycle.mp4,en,ins,0,0,Cycle,CYCLE,0
https://pub-42e8cb2c99e341d593579b74af71b94a.r2.dev/Videos/output/Dandruff.mp4,en,ins,0,0,Dandruff,DANDRUFF,0
https://pub-42e8cb2c99e341d593579b74af71b94a.r2.dev/Videos/output/Dark.mp4,en,ins,0,0,Dark,DARK,0
https://pub-42e8cb2c99e341d593579b74af71b94a.r2.dev/Videos/output/Dates.mp4,en,ins,0,0,Dates,DATES,0
https://pub-42e8cb2c99e341d593579b74af71b94a.r2.dev/Videos/output/Daughter.mp4,en,ins,0,0,Daughter,DAUGHTER,0
https://pub-42e8cb2c99e341d593579b74af71b94a.r2.dev/Videos/output/Deceive.mp4,en,ins,0,0,Deceive,DECEIVE,0
https://pub-42e8cb2c99e341d593579b74af71b94a.r2.dev/Videos/output/Decide.mp4,en,ins,0,0,Decide,DECIDE,0
https://pub-42e8cb2c99e341d593579b74af71b94a.r2.dev/Videos/output/Different.mp4,en,ins,0,0,Different,DIFFERENT,0
https://pub-42e8cb2c99e341d593579b74af71b94a.r2.dev/Videos/output/Dinner.mp4,en,ins,0,0,Dinner,DINNER,0
https://pub-42e8cb2c99e341d593579b74af71b94a.r2.dev/Videos/output/Discount.mp4,en,ins,0,0,Discount,DISCOUNT,0
https://pub-42e8cb2c99e341d593579b74af71b94a.r2.dev/Videos/output/Divorce.mp4,en,ins,0,0,Divorce,DIVORCE,0
https://pub-42e8cb2c99e341d593579b74af71b94a.r2.dev/Videos/output/Do.mp4,en,ins,0,0,Do,DO,0
https://pub-42e8cb2c99e341d593579b74af71b94a.r2.dev/Videos/output/Doctor.mp4,en,ins,0,0,Doctor,DOCTOR,0
https://pub-42e8cb2c99e341d593579b74af71b94a.r2.dev/Videos/output/Document.mp4,en,ins,0,0,Document,DOCUMENT,0
https://pub-42e8cb2c99e341d593579b74af71b94a.r2.dev/Videos/output/Dont.mp4,en,ins,0,0,Dont,DONT,0
https://pub-42e8cb2c99e341d593579b74af71b94a.r2.dev/Videos/output/Drink.mp4,en,ins,0,0,Drink,DRINK,0
https://pub-42e8cb2c99e341d593579b74af71b94a.r2.dev/Videos/output/Drive.mp4,en,ins,0,0,Drive,DRIVE,0
https://pub-42e8cb2c99e341d593579b74af71b94a.r2.dev/Videos/output/Driver.mp4,en,ins,0,0,Driver,DRIVER,0
https://pub-42e8cb2c99e341d593579b74af71b94a.r2.dev/Videos/output/Each.mp4,en,ins,0,0,Each,EACH,0
https://pub-42e8cb2c99e341d593579b74af71b94a.r2.dev/Videos/output/Earthquake.mp4,en,ins,0,0,Earthquake,EARTHQUAKE,0
https://pub-42e8cb2c99e341d593579b74af71b94a.r2.dev/Videos/output/Edit.mp4,en,ins,0,0,Edit,EDIT,0
https://pub-42e8cb2c99e341d593579b74af71b94a.r2.dev/Videos/output/Election.mp4,en,ins,0,0,Election,ELECTION,0
https://pub-42e8cb2c99e341d593579b74af71b94a.r2.dev/Videos/output/Email.mp4,en,ins,0,0,Email,EMAIL,0
https://pub-42e8cb2c99e341d593579b74af71b94a.r2.dev/Videos/output/Embarrass.mp4,en,ins,0,0,Embarrass,EMBARRASS,0
https://pub-42e8cb2c99e341d593579b74af71b94a.r2.dev/Videos/output/Encourage.mp4,en,ins,0,0,Encourage,ENCOURAGE,0
https://pub-42e8cb2c99e341d593579b74af71b94a.r2.dev/Videos/output/Engagement.mp4,en,ins,0,0,Engagement,ENGAGEMENT,0
https://pub-42e8cb2c99e341d593579b74af71b94a.r2.dev/Videos/output/Enjoy.mp4,en,ins,0,0,Enjoy,ENJOY,0
https://pub-42e8cb2c99e341d593579b74af71b94a.r2.dev/Videos/output/Enough.mp4,en,ins,0,0,Enough,ENOUGH,0
https://pub-42e8cb2c99e341d593579b74af71b94a.r2.dev/Videos/output/Equal.mp4,en,ins,0,0,Equal,EQUAL,0
https://pub-42e8cb2c99e341d593579b74af71b94a.r2.dev/Videos/output/Escalator.mp4,en,ins,0,0,Escalator,ESCALATOR,0
https://pub-42e8cb2c99e341d593579b74af71b94a.r2.dev/Videos/output/Escape.mp4,en,ins,0,0,Escape,ESCAPE,0
https://pub-42e8cb2c99e341d593579b74af71b94a.r2.dev/Videos/output/Everything.mp4,en,ins,0,0,Everything,EVERYTHING,0
https://pub-42e8cb2c99e341d593579b74af71b94a.r2.dev/Videos/output/Exam.mp4,en,ins,0,0,Exam,EXAM,0
https://pub-42e8cb2c99e341d593579b74af71b94a.r2.dev/Videos/output/Excited.mp4,en,ins,0,0,Excited,EXCITED,0
https://pub-42e8cb2c99e341d593579b74af71b94a.r2.dev/Videos/output/Excuse_Me.mp4,en,ins,0,0,Excuse Me,EXCUSE_ME,0
https://pub-42e8cb2c99e341d593579b74af71b94a.r2.dev/Videos/output/Exercise.mp4,en,ins,0,0,Exercise,EXERCISE,0
https://pub-42e8cb2c99e341d593579b74af71b94a.r2.dev/Videos/output/Expensive.mp4,en,ins,0,0,Expensive,EXPENSIVE,0
https://pub-42e8cb2c99e341d593579b74af71b94a.r2.dev/Videos/output/Experience.mp4,en,ins,0,0,Experience,EXPERIENCE,0
https://pub-42e8cb2c99e341d593579b74af71b94a.r2.dev/Videos/output/Expiry.mp4,en,ins,0,0,Expiry,EXPIRY,0
https://pub-42e8cb2c99e341d593579b74af71b94a.r2.dev/Videos/output/Facewash.mp4,en,ins,0,0,Facewash,FACEWASH,0
https://pub-42e8cb2c99e341d593579b74af71b94a.r2.dev/Videos/output/Fact.mp4,en,ins,0,0,Fact,FACT,0
https://pub-42e8cb2c99e341d593579b74af71b94a.r2.dev/Videos/output/Fail_Unsuccessful.mp4,en,ins,0,0,Fail,FAIL,0
https://pub-42e8cb2c99e341d593579b74af71b94a.r2.dev/Videos/output/Faith.mp4,en,ins,0,0,Faith,FAITH,0
https://pub-42e8cb2c99e341d593579b74af71b94a.r2.dev/Videos/output/Fake.mp4,en,ins,0,0,Fake,FAKE,0
https://pub-42e8cb2c99e341d593579b74af71b94a.r2.dev/Videos/output/Fall.mp4,en,ins,0,0,Fall,FALL,0
https://pub-42e8cb2c99e341d593579b74af71b94a.r2.dev/Videos/output/False.mp4,en,ins,0,0,FALSE,FALSE,0
https://pub-42e8cb2c99e341d593579b74af71b94a.r2.dev/Videos/output/Family.mp4,en,ins,0,0,Family,FAMILY,0
https://pub-42e8cb2c99e341d593579b74af71b94a.r2.dev/Videos/output/Fan.mp4,en,ins,0,0,Fan,FAN,0
https://pub-42e8cb2c99e341d593579b74af71b94a.r2.dev/Videos/output/Far.mp4,en,ins,0,0,Far,FAR,0
https://pub-42e8cb2c99e341d593579b74af71b94a.r2.dev/Videos/output/Farm.mp4,en,ins,0,0,Farm,FARM,0
https://pub-42e8cb2c99e341d593579b74af71b94a.r2.dev/Videos/output/Farmer.mp4,en,ins,0,0,Farmer,FARMER,0
https://pub-42e8cb2c99e341d593579b74af71b94a.r2.dev/Videos/output/Fat.mp4,en,ins,0,0,Fat,FAT,0
https://pub-42e8cb2c99e341d593579b74af71b94a.r2.dev/Videos/output/Fear.mp4,en,ins,0,0,Fear,FEAR,0
https://pub-42e8cb2c99e341d593579b74af71b94a.r2.dev/Videos/output/Fever.mp4,en,ins,0,0,Fever,FEVER,0
https://pub-42e8cb2c99e341d593579b74af71b94a.r2.dev/Videos/output/Few.mp4,en,ins,0,0,Few,FEW,0
https://pub-42e8cb2c99e341d593579b74af71b94a.r2.dev/Videos/output/Fire.mp4,en,ins,0,0,Fire,FIRE,0
https://pub-42e8cb2c99e341d593579b74af71b94a.r2.dev/Videos/output/Garage.mp4,en,ins,0,0,Garage,GARAGE,0
https://pub-42e8cb2c99e341d593579b74af71b94a.r2.dev/Videos/output/Garbage.mp4,en,ins,0,0,Garbage,GARBAGE,0
https://pub-42e8cb2c99e341d593579b74af71b94a.r2.dev/Videos/output/Garden.mp4,en,ins,0,0,Garden,GARDEN,0
https://pub-42e8cb2c99e341d593579b74af71b94a.r2.dev/Videos/output/Gas_Stove.mp4,en,ins,0,0,Gas Stove,GAS_STOVE,0
https://pub-42e8cb2c99e341d593579b74af71b94a.r2.dev/Videos/output/Gate.mp4,en,ins,0,0,Gate,GATE,0
https://pub-42e8cb2c99e341d593579b74af71b94a.r2.dev/Videos/output/Gender.mp4,en,ins,0,0,Gender,GENDER,0
https://pub-42e8cb2c99e341d593579b74af71b94a.r2.dev/Videos/output/Generator.mp4,en,ins,0,0,Generator,GENERATOR,0
https://pub-42e8cb2c99e341d593579b74af71b94a.r2.dev/Videos/output/Genius.mp4,en,ins,0,0,Genius,GENIUS,0
https://pub-42e8cb2c99e341d593579b74af71b94a.r2.dev/Videos/output/Germs.mp4,en,ins,0,0,Germs,GERMS,0
https://pub-42e8cb2c99e341d593579b74af71b94a.r2.dev/Videos/output/Get.mp4,en,ins,0,0,Get,GET,0
https://pub-42e8cb2c99e341d593579b74af71b94a.r2.dev/Videos/output/Gift.mp4,en,ins,0,0,Gift,GIFT,0
https://pub-42e8cb2c99e341d593579b74af71b94a.r2.dev/Videos/output/Ginger.mp4,en,ins,0,0,Ginger,GINGER,0
https://pub-42e8cb2c99e341d593579b74af71b94a.r2.dev/Videos/output/Girl.mp4,en,ins,0,0,Girl,GIRL,0
https://pub-42e8cb2c99e341d593579b74af71b94a.r2.dev/Videos/output/Girlfriend.mp4,en,ins,0,0,Girlfriend,GIRLFRIEND,0
https://pub-42e8cb2c99e341d593579b74af71b94a.r2.dev/Videos/output/Give.mp4,en,ins,0,0,Give,GIVE,0
https://pub-42e8cb2c99e341d593579b74af71b94a.r2.dev/Videos/output/Glass.mp4,en,ins,0,0,Glass,GLASS,0
https://pub-42e8cb2c99e341d593579b74af71b94a.r2.dev/Videos/output/Glue.mp4,en,ins,0,0,Glue,GLUE,0
https://pub-42e8cb2c99e341d593579b74af71b94a.r2.dev/Videos/output/Gmail.mp4,en,ins,0,0,Gmail,GMAIL,0
https://pub-42e8cb2c99e341d593579b74af71b94a.r2.dev/Videos/output/Go.mp4,en,ins,0,0,Go,GO,0
https://pub-42e8cb2c99e341d593579b74af71b94a.r2.dev/Videos/output/Goa.mp4,en,ins,0,0,Goa,GOA,0
https://pub-42e8cb2c99e341d593579b74af71b94a.r2.dev/Videos/output/Goat.mp4,en,ins,0,0,Goat,GOAT,0
https://pub-42e8cb2c99e341d593579b74af71b94a.r2.dev/Videos/output/Habit.mp4,en,ins,0,0,Habit,HABIT,0
https://pub-42e8cb2c99e341d593579b74af71b94a.r2.dev/Videos/output/Hair_Clip.mp4,en,ins,0,0,Hair Clip,HAIR_CLIP,0
https://pub-42e8cb2c99e341d593579b74af71b94a.r2.dev/Videos/output/Hair_Cut.mp4,en,ins,0,0,Hair Cut,HAIR_CUT,0
https://pub-42e8cb2c99e341d593579b74af71b94a.r2.dev/Videos/output/Half.mp4,en,ins,0,0,Half,HALF,0
https://pub-42e8cb2c99e341d593579b74af71b94a.r2.dev/Videos/output/Hand_Sanitizer.mp4,en,ins,0,0,Hand Sanitizer,HAND_SANITIZER,0
https://pub-42e8cb2c99e341d593579b74af71b94a.r2.dev/Videos/output/Handkerchief.mp4,en,ins,0,0,Handkerchief,HANDKERCHIEF,0
https://pub-42e8cb2c99e341d593579b74af71b94a.r2.dev/Videos/output/Happy.mp4,en,ins,0,0,Happy,HAPPY,0
https://pub-42e8cb2c99e341d593579b74af71b94a.r2.dev/Videos/output/Hard.mp4,en,ins,0,0,Hard,HARD,0
https://pub-42e8cb2c99e341d593579b74af71b94a.r2.dev/Videos/output/Hat.mp4,en,ins,0,0,Hat,HAT,0
https://pub-42e8cb2c99e341d593579b74af71b94a.r2.dev/Videos/output/Hate.mp4,en,ins,0,0,Hate,HATE,0
https://pub-42e8cb2c99e341d593579b74af71b94a.r2.dev/Videos/output/Have.mp4,en,ins,0,0,Have,HAVE,0
https://pub-42e8cb2c99e341d593579b74af71b94a.r2.dev/Videos/output/He.mp4,en,ins,0,0,He,HE,0
https://pub-42e8cb2c99e341d593579b74af71b94a.r2.dev/Videos/output/Headache.mp4,en,ins,0,0,Headache,HEADACHE,0
https://pub-42e8cb2c99e341d593579b74af71b94a.r2.dev/Videos/output/Health.mp4,en,ins,0,0,Health,HEALTH,0
https://pub-42e8cb2c99e341d593579b74af71b94a.r2.dev/Videos/output/Hearing.mp4,en,ins,0,0,Hearing,HEARING,0
https://pub-42e8cb2c99e341d593579b74af71b94a.r2.dev/Videos/output/Hello.mp4,en,ins,0,0,Hello,HELLO,0
https://pub-42e8cb2c99e341d593579b74af71b94a.r2.dev/Videos/output/Help.mp4,en,ins,0,0,Help,HELP,0
https://pub-42e8cb2c99e341d593579b74af71b94a.r2.dev/Videos/output/Her.mp4,en,ins,0,0,Her,HER,0
https://pub-42e8cb2c99e341d593579b74af71b94a.r2.dev/Videos/output/His.mp4,en,ins,0,0,His,HIS,0
https://pub-42e8cb2c99e341d593579b74af71b94a.r2.dev/Videos/output/Honest.mp4,en,ins,0,0,Honest,HONEST,0
https://pub-42e8cb2c99e341d593579b74af71b94a.r2.dev/Videos/output/Hospital.mp4,en,ins,0,0,Hospital,HOSPITAL,0
https://pub-42e8cb2c99e341d593579b74af71b94a.r2.dev/Videos/output/Hot.mp4,en,ins,0,0,Hot,HOT,0
https://pub-42e8cb2c99e341d593579b74af71b94a.r2.dev/Videos/output/Hotel.mp4,en,ins,0,0,Hotel,HOTEL,0
https://pub-42e8cb2c99e341d593579b74af71b94a.r2.dev/Videos/output/House_Home.mp4,en,ins,0,0,House,HOUSE,0
https://pub-42e8cb2c99e341d593579b74af71b94a.r2.dev/Videos/output/How_Much_(Explanation).mp4,en,ins,0,0,How Much,HOW_MUCH,0
https://pub-42e8cb2c99e341d593579b74af71b94a.r2.dev/Videos/output/Hungry.mp4,en,ins,0,0,Hungry,HUNGRY,0
https://pub-42e8cb2c99e341d593579b74af71b94a.r2.dev/Videos/output/I_Don't_Know.mp4,en,ins,0,0,I Dont Know,I_DON'T_KNOW,0
https://pub-42e8cb2c99e341d593579b74af71b94a.r2.dev/Videos/output/I_Don't_Understand.mp4,en,ins,0,0,I Dont Understand,I_DON'T_UNDERSTAND,0
https://pub-42e8cb2c99e341d593579b74af71b94a.r2.dev/Videos/output/I_Know.mp4,en,ins,0,0,I Know,I_KNOW,0
https://pub-42e8cb2c99e341d593579b74af71b94a.r2.dev/Videos/output/I_Me.mp4,en,ins,0,0,I,I,0
https://pub-42e8cb2c99e341d593579b74af71b94a.r2.dev/Videos/output/I_Understand.mp4,en,ins,0,0,I Understand,I_UNDERSTAND,0
https://pub-42e8cb2c99e341d593579b74af71b94a.r2.dev/Videos/output/Ice_Cream.mp4,en,ins,0,0,Ice Cream,ICE_CREAM,0
https://pub-42e8cb2c99e341d593579b74af71b94a.r2.dev/Videos/output/Ignore.mp4,en,ins,0,0,Ignore,IGNORE,0
https://pub-42e8cb2c99e341d593579b74af71b94a.r2.dev/Videos/output/Impact.mp4,en,ins,0,0,Impact,IMPACT,0
https://pub-42e8cb2c99e341d593579b74af71b94a.r2.dev/Videos/output/Impossible.mp4,en,ins,0,0,Impossible,IMPOSSIBLE,0
https://pub-42e8cb2c99e341d593579b74af71b94a.r2.dev/Videos/output/Impure.mp4,en,ins,0,0,Impure,IMPURE,0
https://pub-42e8cb2c99e341d593579b74af71b94a.r2.dev/Videos/output/In.mp4,en,ins,0,0,In,IN,0
https://pub-42e8cb2c99e341d593579b74af71b94a.r2.dev/Videos/output/Include.mp4,en,ins,0,0,Include,INCLUDE,0
https://pub-42e8cb2c99e341d593579b74af71b94a.r2.dev/Videos/output/Increase.mp4,en,ins,0,0,Increase,INCREASE,0
https://pub-42e8cb2c99e341d593579b74af71b94a.r2.dev/Videos/output/Independent.mp4,en,ins,0,0,Independent,INDEPENDENT,0
https://pub-42e8cb2c99e341d593579b74af71b94a.r2.dev/Videos/output/India.mp4,en,ins,0,0,India,INDIA,0
https://pub-42e8cb2c99e341d593579b74af71b94a.r2.dev/Videos/output/Indian_Premier_League_(IPL).mp4,en,ins,0,0,Indian Premier League IPL,INDIAN_PREMIER_LEAGUE_(IPL),0
https://pub-42e8cb2c99e341d593579b74af71b94a.r2.dev/Videos/output/Indian_Sign_Language_(ISL).mp4,en,ins,0,0,Indian Sign Language ISL,INDIAN_SIGN_LANGUAGE_(ISL),0
https://pub-42e8cb2c99e341d593579b74af71b94a.r2.dev/Videos/output/Individual.mp4,en,ins,0,0,Individual,INDIVIDUAL,0
https://pub-42e8cb2c99e341d593579b74af71b94a.r2.dev/Videos/output/Infection.mp4,en,ins,0,0,Infection,INFECTION,0
https://pub-42e8cb2c99e341d593579b74af71b94a.r2.dev/Videos/output/Injection.mp4,en,ins,0,0,Injection,INJECTION,0
https://pub-42e8cb2c99e341d593579b74af71b94a.r2.dev/Videos/output/Injury.mp4,en,ins,0,0,Injury,INJURY,0
https://pub-42e8cb2c99e341d593579b74af71b94a.r2.dev/Videos/output/It.mp4,en,ins,0,0,It,IT,0
https://pub-42e8cb2c99e341d593579b74af71b94a.r2.dev/Videos/output/Its.mp4,en,ins,0,0,Its,ITS,0
https://pub-42e8cb2c99e341d593579b74af71b94a.r2.dev/Videos/output/Itself.mp4,en,ins,0,0,Itself,ITSELF,0
https://pub-42e8cb2c99e341d593579b74af71b94a.r2.dev/Videos/output/JPEG.mp4,en,ins,0,0,JPEG,JPEG,0
https://pub-42e8cb2c99e341d593579b74af71b94a.r2.dev/Videos/output/Jacket.mp4,en,ins,0,0,Jacket,JACKET,0
https://pub-42e8cb2c99e341d593579b74af71b94a.r2.dev/Videos/output/Jackpot.mp4,en,ins,0,0,Jackpot,JACKPOT,0
https://pub-42e8cb2c99e341d593579b74af71b94a.r2.dev/Videos/output/January.mp4,en,ins,0,0,January,JANUARY,0
https://pub-42e8cb2c99e341d593579b74af71b94a.r2.dev/Videos/output/Jesus_Christ.mp4,en,ins,0,0,Jesus Christ,JESUS_CHRIST,0
https://pub-42e8cb2c99e341d593579b74af71b94a.r2.dev/Videos/output/Jewelery.mp4,en,ins,0,0,Jewelery,JEWELERY,0
https://pub-42e8cb2c99e341d593579b74af71b94a.r2.dev/Videos/output/Job.mp4,en,ins,0,0,Job,JOB,0
https://pub-42e8cb2c99e341d593579b74af71b94a.r2.dev/Videos/output/Jobless_Unemployed.mp4,en,ins,0,0,Jobless,JOBLESS,0
https://pub-42e8cb2c99e341d593579b74af71b94a.r2.dev/Videos/output/Join.mp4,en,ins,0,0,Join,JOIN,0
https://pub-42e8cb2c99e341d593579b74af71b94a.r2.dev/Videos/output/Joint_Family_Sign.mp4,en,ins,0,0,Joint Family,JOINT_FAMILY,0
https://pub-42e8cb2c99e341d593579b74af71b94a.r2.dev/Videos/output/Joints.mp4,en,ins,0,0,Joints,JOINTS,0
https://pub-42e8cb2c99e341d593579b74af71b94a.r2.dev/Videos/output/Journey.mp4,en,ins,0,0,Journey,JOURNEY,0
https://pub-42e8cb2c99e341d593579b74af71b94a.r2.dev/Videos/output/Judge.mp4,en,ins,0,0,Judge,JUDGE,0
https://pub-42e8cb2c99e341d593579b74af71b94a.r2.dev/Videos/output/Juice.mp4,en,ins,0,0,Juice,JUICE,0
https://pub-42e8cb2c99e341d593579b74af71b94a.r2.dev/Videos/output/July.mp4,en,ins,0,0,July,JULY,0
https://pub-42e8cb2c99e341d593579b74af71b94a.r2.dev/Videos/output/Jump.mp4,en,ins,0,0,Jump,JUMP,0
https://pub-42e8cb2c99e341d593579b74af71b94a.r2.dev/Videos/output/June.mp4,en,ins,0,0,June,JUNE,0
https://pub-42e8cb2c99e341d593579b74af71b94a.r2.dev/Videos/output/Kabaddi.mp4,en,ins,0,0,Kabaddi,KABADDI,0
https://pub-42e8cb2c99e341d593579b74af71b94a.r2.dev/Videos/output/Kajal.mp4,en,ins,0,0,Kajal,KAJAL,0
https://pub-42e8cb2c99e341d593579b74af71b94a.r2.dev/Videos/output/Kangaroo.mp4,en,ins,0,0,Kangaroo,KANGAROO,0
https://pub-42e8cb2c99e341d593579b74af71b94a.r2.dev/Videos/output/Kannada.mp4,en,ins,0,0,Kannada,KANNADA,0
https://pub-42e8cb2c99e341d593579b74af71b94a.r2.dev/Videos/output/Karate.mp4,en,ins,0,0,Karate,KARATE,0
https://pub-42e8cb2c99e341d593579b74af71b94a.r2.dev/Videos/output/Karnataka.mp4,en,ins,0,0,Karnataka,KARNATAKA,0
https://pub-42e8cb2c99e341d593579b74af71b94a.r2.dev/Videos/output/Kerala.mp4,en,ins,0,0,Kerala,KERALA,0
https://pub-42e8cb2c99e341d593579b74af71b94a.r2.dev/Videos/output/Key.mp4,en,ins,0,0,Key,KEY,0
https://pub-42e8cb2c99e341d593579b74af71b94a.r2.dev/Videos/output/Key_Ring_Key_Chain.mp4,en,ins,0,0,Key Ring ,KEY_RING,0
https://pub-42e8cb2c99e341d593579b74af71b94a.r2.dev/Videos/output/Kid.mp4,en,ins,0,0,Kid,KID,0
https://pub-42e8cb2c99e341d593579b74af71b94a.r2.dev/Videos/output/Kidney_Beans.mp4,en,ins,0,0,Kidney Beans,KIDNEY_BEANS,0
https://pub-42e8cb2c99e341d593579b74af71b94a.r2.dev/Videos/output/Kilogram_(KG).mp4,en,ins,0,0,Kilogram,KG,0
https://pub-42e8cb2c99e341d593579b74af71b94a.r2.dev/Videos/output/King.mp4,en,ins,0,0,King,KING,0
https://pub-42e8cb2c99e341d593579b74af71b94a.r2.dev/Videos/output/Knee.mp4,en,ins,0,0,Knee,KNEE,0
https://pub-42e8cb2c99e341d593579b74af71b94a.r2.dev/Videos/output/Knife.mp4,en,ins,0,0,Knife,KNIFE,0
https://pub-42e8cb2c99e341d593579b74af71b94a.r2.dev/Videos/output/Know.mp4,en,ins,0,0,Know,KNOW,0
https://pub-42e8cb2c99e341d593579b74af71b94a.r2.dev/Videos/output/Kolkata.mp4,en,ins,0,0,Kolkata,KOLKATA,0
https://pub-42e8cb2c99e341d593579b74af71b94a.r2.dev/Videos/output/Krishna.mp4,en,ins,0,0,Krishna,KRISHNA,0
https://pub-42e8cb2c99e341d593579b74af71b94a.r2.dev/Videos/output/Label.mp4,en,ins,0,0,Label,LABEL,0
https://pub-42e8cb2c99e341d593579b74af71b94a.r2.dev/Videos/output/Ladakh.mp4,en,ins,0,0,Ladakh,LADAKH,0
https://pub-42e8cb2c99e341d593579b74af71b94a.r2.dev/Videos/output/Ladder.mp4,en,ins,0,0,Ladder,LADDER,0
https://pub-42e8cb2c99e341d593579b74af71b94a.r2.dev/Videos/output/Lady.mp4,en,ins,0,0,Lady,LADY,0
https://pub-42e8cb2c99e341d593579b74af71b94a.r2.dev/Videos/output/Lake.mp4,en,ins,0,0,Lake,LAKE,0
https://pub-42e8cb2c99e341d593579b74af71b94a.r2.dev/Videos/output/Lakshmi.mp4,en,ins,0,0,Lakshmi,LAKSHMI,0
https://pub-42e8cb2c99e341d593579b74af71b94a.r2.dev/Videos/output/Lamp.mp4,en,ins,0,0,Lamp,LAMP,0
https://pub-42e8cb2c99e341d593579b74af71b94a.r2.dev/Videos/output/Land.mp4,en,ins,0,0,Land,LAND,0
https://pub-42e8cb2c99e341d593579b74af71b94a.r2.dev/Videos/output/Landlord.mp4,en,ins,0,0,Landlord,LANDLORD,0
https://pub-42e8cb2c99e341d593579b74af71b94a.r2.dev/Videos/output/Language.mp4,en,ins,0,0,Language,LANGUAGE,0
https://pub-42e8cb2c99e341d593579b74af71b94a.r2.dev/Videos/output/Laptop.mp4,en,ins,0,0,Laptop,LAPTOP,0
https://pub-42e8cb2c99e341d593579b74af71b94a.r2.dev/Videos/output/Large.mp4,en,ins,0,0,Large,LARGE,0
https://pub-42e8cb2c99e341d593579b74af71b94a.r2.dev/Videos/output/Last_Month.mp4,en,ins,0,0,Last Month,LAST_MONTH,0
https://pub-42e8cb2c99e341d593579b74af71b94a.r2.dev/Videos/output/Last_Week.mp4,en,ins,0,0,Last Week,LAST_WEEK,0
https://pub-42e8cb2c99e341d593579b74af71b94a.r2.dev/Videos/output/Last_Year.mp4,en,ins,0,0,Last Year,LAST_YEAR,0
https://pub-42e8cb2c99e341d593579b74af71b94a.r2.dev/Videos/output/Late.mp4,en,ins,0,0,Late,LATE,0
https://pub-42e8cb2c99e341d593579b74af71b94a.r2.dev/Videos/output/Laugh.mp4,en,ins,0,0,Laugh,LAUGH,0
https://pub-42e8cb2c99e341d593579b74af71b94a.r2.dev/Videos/output/Lawn.mp4,en,ins,0,0,Lawn,LAWN,0
https://pub-42e8cb2c99e341d593579b74af71b94a.r2.dev/Videos/output/Lazy__Inactive.mp4,en,ins,0,0,Lazy,LAZY,0
https://pub-42e8cb2c99e341d593579b74af71b94a.r2.dev/Videos/output/Leaf.mp4,en,ins,0,0,Leaf,LEAF,0
https://pub-42e8cb2c99e341d593579b74af71b94a.r2.dev/Videos/output/Learn.mp4,en,ins,0,0,Learn,LEARN,0
https://pub-42e8cb2c99e341d593579b74af71b94a.r2.dev/Videos/output/Lemon.mp4,en,ins,0,0,Lemon,LEMON,0
https://pub-42e8cb2c99e341d593579b74af71b94a.r2.dev/Videos/output/Machine.mp4,en,ins,0,0,Machine,MACHINE,0
https://pub-42e8cb2c99e341d593579b74af71b94a.r2.dev/Videos/output/Magic.mp4,en,ins,0,0,Magic,MAGIC,0
https://pub-42e8cb2c99e341d593579b74af71b94a.r2.dev/Videos/output/Magician.mp4,en,ins,0,0,Magician,MAGICIAN,0
https://pub-42e8cb2c99e341d593579b74af71b94a.r2.dev/Videos/output/Magnet.mp4,en,ins,0,0,Magnet,MAGNET,0
https://pub-42e8cb2c99e341d593579b74af71b94a.r2.dev/Videos/output/Make.mp4,en,ins,0,0,Make,MAKE,0
https://pub-42e8cb2c99e341d593579b74af71b94a.r2.dev/Videos/output/Mall.mp4,en,ins,0,0,Mall,MALL,0
https://pub-42e8cb2c99e341d593579b74af71b94a.r2.dev/Videos/output/Man.mp4,en,ins,0,0,Man,MAN,0
https://pub-42e8cb2c99e341d593579b74af71b94a.r2.dev/Videos/output/Manager.mp4,en,ins,0,0,Manager,MANAGER,0
https://pub-42e8cb2c99e341d593579b74af71b94a.r2.dev/Videos/output/Mango.mp4,en,ins,0,0,Mango,MANGO,0
https://pub-42e8cb2c99e341d593579b74af71b94a.r2.dev/Videos/output/Map.mp4,en,ins,0,0,Map,MAP,0
https://pub-42e8cb2c99e341d593579b74af71b94a.r2.dev/Videos/output/March.mp4,en,ins,0,0,March,MARCH,0
https://pub-42e8cb2c99e341d593579b74af71b94a.r2.dev/Videos/output/Mask.mp4,en,ins,0,0,Mask,MASK,0
https://pub-42e8cb2c99e341d593579b74af71b94a.r2.dev/Videos/output/Material.mp4,en,ins,0,0,Material,MATERIAL,0
https://pub-42e8cb2c99e341d593579b74af71b94a.r2.dev/Videos/output/Maths.mp4,en,ins,0,0,Maths,MATHS,0
https://pub-42e8cb2c99e341d593579b74af71b94a.r2.dev/Videos/output/Maximum.mp4,en,ins,0,0,Maximum,MAXIMUM,0
https://pub-42e8cb2c99e341d593579b74af71b94a.r2.dev/Videos/output/Measure.mp4,en,ins,0,0,Measure,MEASURE,0
https://pub-42e8cb2c99e341d593579b74af71b94a.r2.dev/Videos/output/Measurement.mp4,en,ins,0,0,Measurement,MEASUREMENT,0
https://pub-42e8cb2c99e341d593579b74af71b94a.r2.dev/Videos/output/Meat.mp4,en,ins,0,0,Meat,MEAT,0
https://pub-42e8cb2c99e341d593579b74af71b94a.r2.dev/Videos/output/Mechanic.mp4,en,ins,0,0,Mechanic,MECHANIC,0
https://pub-42e8cb2c99e341d593579b74af71b94a.r2.dev/Videos/output/Medal.mp4,en,ins,0,0,Medal,MEDAL,0
https://pub-42e8cb2c99e341d593579b74af71b94a.r2.dev/Videos/output/Meet.mp4,en,ins,0,0,Meet,MEET,0
https://pub-42e8cb2c99e341d593579b74af71b94a.r2.dev/Videos/output/Meeting.mp4,en,ins,0,0,Meeting,MEETING,0
https://pub-42e8cb2c99e341d593579b74af71b94a.r2.dev/Videos/output/Menu.mp4,en,ins,0,0,Menu,MENU,0
https://pub-42e8cb2c99e341d593579b74af71b94a.r2.dev/Videos/output/Message.mp4,en,ins,0,0,Message,MESSAGE,0
https://pub-42e8cb2c99e341d593579b74af71b94a.r2.dev/Videos/output/Metro.mp4,en,ins,0,0,Metro,METRO,0
https://pub-42e8cb2c99e341d593579b74af71b94a.r2.dev/Videos/output/Milk.mp4,en,ins,0,0,Milk,MILK,0
https://pub-42e8cb2c99e341d593579b74af71b94a.r2.dev/Videos/output/Minister.mp4,en,ins,0,0,Minister,MINISTER,0
https://pub-42e8cb2c99e341d593579b74af71b94a.r2.dev/Videos/output/Mirror.mp4,en,ins,0,0,Mirror,MIRROR,0
https://pub-42e8cb2c99e341d593579b74af71b94a.r2.dev/Videos/output/Mix.mp4,en,ins,0,0,Mix,MIX,0
https://pub-42e8cb2c99e341d593579b74af71b94a.r2.dev/Videos/output/Modern.mp4,en,ins,0,0,Modern,MODERN,0
https://pub-42e8cb2c99e341d593579b74af71b94a.r2.dev/Videos/output/Monday.mp4,en,ins,0,0,Monday,MONDAY,0
https://pub-42e8cb2c99e341d593579b74af71b94a.r2.dev/Videos/output/Month.mp4,en,ins,0,0,Month,MONTH,0
https://pub-42e8cb2c99e341d593579b74af71b94a.r2.dev/Videos/output/More.mp4,en,ins,0,0,More,MORE,0
https://pub-42e8cb2c99e341d593579b74af71b94a.r2.dev/Videos/output/Morning.mp4,en,ins,0,0,Morning,MORNING,0
https://pub-42e8cb2c99e341d593579b74af71b94a.r2.dev/Videos/output/Mosquito.mp4,en,ins,0,0,Mosquito,MOSQUITO,0
https://pub-42e8cb2c99e341d593579b74af71b94a.r2.dev/Videos/output/Mother.mp4,en,ins,0,0,Mother,MOTHER,0
https://pub-42e8cb2c99e341d593579b74af71b94a.r2.dev/Videos/output/Motivate.mp4,en,ins,0,0,Motivate,MOTIVATE,0
https://pub-42e8cb2c99e341d593579b74af71b94a.r2.dev/Videos/output/Mouth.mp4,en,ins,0,0,Mouth,MOUTH,0
https://pub-42e8cb2c99e341d593579b74af71b94a.r2.dev/Videos/output/Move.mp4,en,ins,0,0,Move,MOVE,0
https://pub-42e8cb2c99e341d593579b74af71b94a.r2.dev/Videos/output/Movement.mp4,en,ins,0,0,Movement,MOVEMENT,0
https://pub-42e8cb2c99e341d593579b74af71b94a.r2.dev/Videos/output/Movie.mp4,en,ins,0,0,Movie,MOVIE,0
https://pub-42e8cb2c99e341d593579b74af71b94a.r2.dev/Videos/output/Mug.mp4,en,ins,0,0,Mug,MUG,0
https://pub-42e8cb2c99e341d593579b74af71b94a.r2.dev/Videos/output/Multiple.mp4,en,ins,0,0,Multiple,MULTIPLE,0
https://pub-42e8cb2c99e341d593579b74af71b94a.r2.dev/Videos/output/Music.mp4,en,ins,0,0,Music,MUSIC,0
https://pub-42e8cb2c99e341d593579b74af71b94a.r2.dev/Videos/output/Mustache.mp4,en,ins,0,0,Mustache,MUSTACHE,0
https://pub-42e8cb2c99e341d593579b74af71b94a.r2.dev/Videos/output/Myself.mp4,en,ins,0,0,Myself,MYSELF,0
https://pub-42e8cb2c99e341d593579b74af71b94a.r2.dev/Videos/output/Nail.mp4,en,ins,0,0,Nail,NAIL,0
https://pub-42e8cb2c99e341d593579b74af71b94a.r2.dev/Videos/output/Nail_Cutter.mp4,en,ins,0,0,Nail Cutter,NAIL_CUTTER,0
https://pub-42e8cb2c99e341d593579b74af71b94a.r2.dev/Videos/output/Namaste.mp4,en,ins,0,0,Namaste,NAMASTE,0
https://pub-42e8cb2c99e341d593579b74af71b94a.r2.dev/Videos/output/Name.mp4,en,ins,0,0,Name,NAME,0
https://pub-42e8cb2c99e341d593579b74af71b94a.r2.dev/Videos/output/Narendra_Modi_Prime_Minister.mp4,en,ins,0,0,Narendra Modi Prime Minister,NARENDRA_MODI_PRIME_MINISTER,0
https://pub-42e8cb2c99e341d593579b74af71b94a.r2.dev/Videos/output/Narrow.mp4,en,ins,0,0,Narrow,NARROW,0
https://pub-42e8cb2c99e341d593579b74af71b94a.r2.dev/Videos/output/National.mp4,en,ins,0,0,National,NATIONAL,0
https://pub-42e8cb2c99e341d593579b74af71b94a.r2.dev/Videos/output/National_Anthem.mp4,en,ins,0,0,National Anthem,NATIONAL_ANTHEM,0
https://pub-42e8cb2c99e341d593579b74af71b94a.r2.dev/Videos/output/Natural.mp4,en,ins,0,0,Natural,NATURAL,0
https://pub-42e8cb2c99e341d593579b74af71b94a.r2.dev/Videos/output/Neat.mp4,en,ins,0,0,Neat,NEAT,0
https://pub-42e8cb2c99e341d593579b74af71b94a.r2.dev/Videos/output/Neck.mp4,en,ins,0,0,Neck,NECK,0
https://pub-42e8cb2c99e341d593579b74af71b94a.r2.dev/Videos/output/Negative.mp4,en,ins,0,0,Negative,NEGATIVE,0
https://pub-42e8cb2c99e341d593579b74af71b94a.r2.dev/Videos/output/Neighbor.mp4,en,ins,0,0,Neighbor,NEIGHBOR,0
https://pub-42e8cb2c99e341d593579b74af71b94a.r2.dev/Videos/output/Nephew.mp4,en,ins,0,0,Nephew,NEPHEW,0
https://pub-42e8cb2c99e341d593579b74af71b94a.r2.dev/Videos/output/Network.mp4,en,ins,0,0,Network,NETWORK,0
https://pub-42e8cb2c99e341d593579b74af71b94a.r2.dev/Videos/output/Never.mp4,en,ins,0,0,Never,NEVER,0
https://pub-42e8cb2c99e341d593579b74af71b94a.r2.dev/Videos/output/New.mp4,en,ins,0,0,New,NEW,0
https://pub-42e8cb2c99e341d593579b74af71b94a.r2.dev/Videos/output/News.mp4,en,ins,0,0,News,NEWS,0
https://pub-42e8cb2c99e341d593579b74af71b94a.r2.dev/Videos/output/Next.mp4,en,ins,0,0,Next,NEXT,0
https://pub-42e8cb2c99e341d593579b74af71b94a.r2.dev/Videos/output/Next_Month.mp4,en,ins,0,0,Next Month,NEXT_MONTH,0
https://pub-42e8cb2c99e341d593579b74af71b94a.r2.dev/Videos/output/Next_Week.mp4,en,ins,0,0,Next Week,NEXT_WEEK,0
https://pub-42e8cb2c99e341d593579b74af71b94a.r2.dev/Videos/output/Next_Year.mp4,en,ins,0,0,Next Year,NEXT_YEAR,0
https://pub-42e8cb2c99e341d593579b74af71b94a.r2.dev/Videos/output/Nice.mp4,en,ins,0,0,Nice,NICE,0
https://pub-42e8cb2c99e341d593579b74af71b94a.r2.dev/Videos/output/Nice_to_Meet_You.mp4,en,ins,0,0,Nice to Meet You,NICE_TO_MEET_YOU,0
https://pub-42e8cb2c99e341d593579b74af71b94a.r2.dev/Videos/output/Night.mp4,en,ins,0,0,Night,NIGHT,0
https://pub-42e8cb2c99e341d593579b74af71b94a.r2.dev/Videos/output/Ninth.mp4,en,ins,0,0,Ninth,NINTH,0
https://pub-42e8cb2c99e341d593579b74af71b94a.r2.dev/Videos/output/No.mp4,en,ins,0,0,No,NO,0
https://pub-42e8cb2c99e341d593579b74af71b94a.r2.dev/Videos/output/None_Nothing_Empty.mp4,en,ins,0,0,None,NONE,0
https://pub-42e8cb2c99e341d593579b74af71b94a.r2.dev/Videos/output/North.mp4,en,ins,0,0,North,NORTH,0
https://pub-42e8cb2c99e341d593579b74af71b94a.r2.dev/Videos/output/Number.mp4,en,ins,0,0,Number,NUMBER,0
https://pub-42e8cb2c99e341d593579b74af71b94a.r2.dev/Videos/output/Nurse.mp4,en,ins,0,0,Nurse,NURSE,0
https://pub-42e8cb2c99e341d593579b74af71b94a.r2.dev/Videos/output/Oath.mp4,en,ins,0,0,Oath,OATH,0
https://pub-42e8cb2c99e341d593579b74af71b94a.r2.dev/Videos/output/Obesity.mp4,en,ins,0,0,Obesity,OBESITY,0
https://pub-42e8cb2c99e341d593579b74af71b94a.r2.dev/Videos/output/Objectives.mp4,en,ins,0,0,Objectives,OBJECTIVES,0
https://pub-42e8cb2c99e341d593579b74af71b94a.r2.dev/Videos/output/October.mp4,en,ins,0,0,October,OCTOBER,0
https://pub-42e8cb2c99e341d593579b74af71b94a.r2.dev/Videos/output/Offer.mp4,en,ins,0,0,Offer,OFFER,0
https://pub-42e8cb2c99e341d593579b74af71b94a.r2.dev/Videos/output/Office.mp4,en,ins,0,0,Office,OFFICE,0
https://pub-42e8cb2c99e341d593579b74af71b94a.r2.dev/Videos/output/Official.mp4,en,ins,0,0,Official,OFFICIAL,0
https://pub-42e8cb2c99e341d593579b74af71b94a.r2.dev/Videos/output/Often.mp4,en,ins,0,0,Often,OFTEN,0
https://pub-42e8cb2c99e341d593579b74af71b94a.r2.dev/Videos/output/Oil.mp4,en,ins,0,0,Oil,OIL,0
https://pub-42e8cb2c99e341d593579b74af71b94a.r2.dev/Videos/output/Okay.mp4,en,ins,0,0,Okay,OKAY,0
https://pub-42e8cb2c99e341d593579b74af71b94a.r2.dev/Videos/output/Old_(Things_Time).mp4,en,ins,0,0,Old,OLD,0
https://pub-42e8cb2c99e341d593579b74af71b94a.r2.dev/Videos/output/Old_Aged_Elderly_(Person).mp4,en,ins,0,0,Old Aged,OLD_AGED,0
https://pub-42e8cb2c99e341d593579b74af71b94a.r2.dev/Videos/output/Older_Brother_Elder_Brother.mp4,en,ins,0,0,Older Brother Elder Brother,OLDER_BROTHER_ELDER_BROTHER,0
https://pub-42e8cb2c99e341d593579b74af71b94a.r2.dev/Videos/output/On.mp4,en,ins,0,0,On,ON,0
https://pub-42e8cb2c99e341d593579b74af71b94a.r2.dev/Videos/output/Once.mp4,en,ins,0,0,Once,ONCE,0
https://pub-42e8cb2c99e341d593579b74af71b94a.r2.dev/Videos/output/Onion.mp4,en,ins,0,0,Onion,ONION,0
https://pub-42e8cb2c99e341d593579b74af71b94a.r2.dev/Videos/output/Online.mp4,en,ins,0,0,Online,ONLINE,0
https://pub-42e8cb2c99e341d593579b74af71b94a.r2.dev/Videos/output/Open.mp4,en,ins,0,0,Open,OPEN,0
https://pub-42e8cb2c99e341d593579b74af71b94a.r2.dev/Videos/output/Operation.mp4,en,ins,0,0,Operation,OPERATION,0
https://pub-42e8cb2c99e341d593579b74af71b94a.r2.dev/Videos/output/Opposition.mp4,en,ins,0,0,Opposition,OPPOSITION,0
https://pub-42e8cb2c99e341d593579b74af71b94a.r2.dev/Videos/output/Original.mp4,en,ins,0,0,Original,ORIGINAL,0
https://pub-42e8cb2c99e341d593579b74af71b94a.r2.dev/Videos/output/Other.mp4,en,ins,0,0,Other,OTHER,0
https://pub-42e8cb2c99e341d593579b74af71b94a.r2.dev/Videos/output/Our.mp4,en,ins,0,0,Our,OUR,0
https://pub-42e8cb2c99e341d593579b74af71b94a.r2.dev/Videos/output/Ourselves.mp4,en,ins,0,0,Ourselves,OURSELVES,0
https://pub-42e8cb2c99e341d593579b74af71b94a.r2.dev/Videos/output/Outcomes.mp4,en,ins,0,0,Outcomes,OUTCOMES,0
https://pub-42e8cb2c99e341d593579b74af71b94a.r2.dev/Videos/output/Over.mp4,en,ins,0,0,Over,OVER,0
https://pub-42e8cb2c99e341d593579b74af71b94a.r2.dev/Videos/output/Owner.mp4,en,ins,0,0,Owner,OWNER,0
https://pub-42e8cb2c99e341d593579b74af71b94a.r2.dev/Videos/output/Oxygen.mp4,en,ins,0,0,Oxygen,OXYGEN,0
https://pub-42e8cb2c99e341d593579b74af71b94a.r2.dev/Videos/output/Paan.mp4,en,ins,0,0,Paan,PAAN,0
https://pub-42e8cb2c99e341d593579b74af71b94a.r2.dev/Videos/output/Pain.mp4,en,ins,0,0,Pain,PAIN,0
https://pub-42e8cb2c99e341d593579b74af71b94a.r2.dev/Videos/output/Pair.mp4,en,ins,0,0,Pair,PAIR,0
https://pub-42e8cb2c99e341d593579b74af71b94a.r2.dev/Videos/output/Pants_Trousers.mp4,en,ins,0,0,Pants,PANTS,0
https://pub-42e8cb2c99e341d593579b74af71b94a.r2.dev/Videos/output/Paper.mp4,en,ins,0,0,Paper,PAPER,0
https://pub-42e8cb2c99e341d593579b74af71b94a.r2.dev/Videos/output/Parcel.mp4,en,ins,0,0,Parcel,PARCEL,0
https://pub-42e8cb2c99e341d593579b74af71b94a.r2.dev/Videos/output/Parents.mp4,en,ins,0,0,Parents,PARENTS,0
https://pub-42e8cb2c99e341d593579b74af71b94a.r2.dev/Videos/output/Parking.mp4,en,ins,0,0,Parking,PARKING,0
https://pub-42e8cb2c99e341d593579b74af71b94a.r2.dev/Videos/output/Party.mp4,en,ins,0,0,Party,PARTY,0
https://pub-42e8cb2c99e341d593579b74af71b94a.r2.dev/Videos/output/Pass.mp4,en,ins,0,0,Pass,PASS,0
https://pub-42e8cb2c99e341d593579b74af71b94a.r2.dev/Videos/output/Passport.mp4,en,ins,0,0,Passport,PASSPORT,0
https://pub-42e8cb2c99e341d593579b74af71b94a.r2.dev/Videos/output/Payment.mp4,en,ins,0,0,Payment,PAYMENT,0
https://pub-42e8cb2c99e341d593579b74af71b94a.r2.dev/Videos/output/Pencil.mp4,en,ins,0,0,Pencil,PENCIL,0
https://pub-42e8cb2c99e341d593579b74af71b94a.r2.dev/Videos/output/Pending.mp4,en,ins,0,0,Pending,PENDING,0
https://pub-42e8cb2c99e341d593579b74af71b94a.r2.dev/Videos/output/People.mp4,en,ins,0,0,People,PEOPLE,0
https://pub-42e8cb2c99e341d593579b74af71b94a.r2.dev/Videos/output/Personal.mp4,en,ins,0,0,Personal,PERSONAL,0
https://pub-42e8cb2c99e341d593579b74af71b94a.r2.dev/Videos/output/Plan.mp4,en,ins,0,0,Plan,PLAN,0
https://pub-42e8cb2c99e341d593579b74af71b94a.r2.dev/Videos/output/Quality.mp4,en,ins,0,0,Quality,QUALITY,0
https://pub-42e8cb2c99e341d593579b74af71b94a.r2.dev/Videos/output/Quantity.mp4,en,ins,0,0,Quantity,QUANTITY,0
https://pub-42e8cb2c99e341d593579b74af71b94a.r2.dev/Videos/output/Query.mp4,en,ins,0,0,Query,QUERY,0
https://pub-42e8cb2c99e341d593579b74af71b94a.r2.dev/Videos/output/QuestionMark.mp4,en,ins,0,0,Question Mark,QUESTION MARK,0
https://pub-42e8cb2c99e341d593579b74af71b94a.r2.dev/Videos/output/Queue.mp4,en,ins,0,0,Queue,QUEUE,0
https://pub-42e8cb2c99e341d593579b74af71b94a.r2.dev/Videos/output/Quickly.mp4,en,ins,0,0,Quickly,QUICKLY,0
https://pub-42e8cb2c99e341d593579b74af71b94a.r2.dev/Videos/output/Quiet.mp4,en,ins,0,0,Quiet,QUIET,0
https://pub-42e8cb2c99e341d593579b74af71b94a.r2.dev/Videos/output/QutubMinar.mp4,en,ins,0,0,Qutub Minar,QUTUB MINAR,0
https://pub-42e8cb2c99e341d593579b74af71b94a.r2.dev/Videos/output/Racism.mp4,en,ins,0,0,Racism,RACISM,0
https://pub-42e8cb2c99e341d593579b74af71b94a.r2.dev/Videos/output/Rain.mp4,en,ins,0,0,Rain,RAIN,0
https://pub-42e8cb2c99e341d593579b74af71b94a.r2.dev/Videos/output/Rainbow.mp4,en,ins,0,0,Rainbow,RAINBOW,0
https://pub-42e8cb2c99e341d593579b74af71b94a.r2.dev/Videos/output/RaiseHand.mp4,en,ins,0,0,Raise Hand,RAISE HAND,0
https://pub-42e8cb2c99e341d593579b74af71b94a.r2.dev/Videos/output/Rank.mp4,en,ins,0,0,Rank,RANK,0
https://pub-42e8cb2c99e341d593579b74af71b94a.r2.dev/Videos/output/Rare.mp4,en,ins,0,0,Rare,RARE,0
https://pub-42e8cb2c99e341d593579b74af71b94a.r2.dev/Videos/output/Read.mp4,en,ins,0,0,Read,READ,0
https://pub-42e8cb2c99e341d593579b74af71b94a.r2.dev/Videos/output/Recognize.mp4,en,ins,0,0,Recognize,RECOGNIZE,0
https://pub-42e8cb2c99e341d593579b74af71b94a.r2.dev/Videos/output/Record.mp4,en,ins,0,0,Record,RECORD,0
https://pub-42e8cb2c99e341d593579b74af71b94a.r2.dev/Videos/output/Regular.mp4,en,ins,0,0,Regular,REGULAR,0
https://pub-42e8cb2c99e341d593579b74af71b94a.r2.dev/Videos/output/Respect.mp4,en,ins,0,0,Respect,RESPECT,0
https://pub-42e8cb2c99e341d593579b74af71b94a.r2.dev/Videos/output/Result.mp4,en,ins,0,0,Result,RESULT,0
https://pub-42e8cb2c99e341d593579b74af71b94a.r2.dev/Videos/output/Sacrifice.mp4,en,ins,0,0,Sacrifice,SACRIFICE,0
https://pub-42e8cb2c99e341d593579b74af71b94a.r2.dev/Videos/output/Sad.mp4,en,ins,0,0,Sad,SAD,0
https://pub-42e8cb2c99e341d593579b74af71b94a.r2.dev/Videos/output/Safe.mp4,en,ins,0,0,Safe,SAFE,0
https://pub-42e8cb2c99e341d593579b74af71b94a.r2.dev/Videos/output/Salt.mp4,en,ins,0,0,Salt,SALT,0
https://pub-42e8cb2c99e341d593579b74af71b94a.r2.dev/Videos/output/Same.mp4,en,ins,0,0,Same,SAME,0
https://pub-42e8cb2c99e341d593579b74af71b94a.r2.dev/Videos/output/SanitaryPad.mp4,en,ins,0,0,Sanitary Pad,SANITARY PAD,0
https://pub-42e8cb2c99e341d593579b74af71b94a.r2.dev/Videos/output/Saturday.mp4,en,ins,0,0,Saturday,SATURDAY,0
https://pub-42e8cb2c99e341d593579b74af71b94a.r2.dev/Videos/output/Scan.mp4,en,ins,0,0,Scan,SCAN,0
https://pub-42e8cb2c99e341d593579b74af71b94a.r2.dev/Videos/output/School.mp4,en,ins,0,0,School,SCHOOL,0
https://pub-42e8cb2c99e341d593579b74af71b94a.r2.dev/Videos/output/Scissors.mp4,en,ins,0,0,Scissors,SCISSORS,0
https://pub-42e8cb2c99e341d593579b74af71b94a.r2.dev/Videos/output/Secret.mp4,en,ins,0,0,Secret,SECRET,0
https://pub-42e8cb2c99e341d593579b74af71b94a.r2.dev/Videos/output/Should.mp4,en,ins,0,0,Should,SHOULD,0
https://pub-42e8cb2c99e341d593579b74af71b94a.r2.dev/Videos/output/Show.mp4,en,ins,0,0,Show,SHOW,0
https://pub-42e8cb2c99e341d593579b74af71b94a.r2.dev/Videos/output/Shy.mp4,en,ins,0,0,Shy,SHY,0
https://pub-42e8cb2c99e341d593579b74af71b94a.r2.dev/Videos/output/Size.mp4,en,ins,0,0,Size,SIZE,0
https://pub-42e8cb2c99e341d593579b74af71b94a.r2.dev/Videos/output/Sleep.mp4,en,ins,0,0,Sleep,SLEEP,0
https://pub-42e8cb2c99e341d593579b74af71b94a.r2.dev/Videos/output/Smile.mp4,en,ins,0,0,Smile,SMILE,0
https://pub-42e8cb2c99e341d593579b74af71b94a.r2.dev/Videos/output/Smoke.mp4,en,ins,0,0,Smoke,SMOKE,0
https://pub-42e8cb2c99e341d593579b74af71b94a.r2.dev/Videos/output/Starve.mp4,en,ins,0,0,Starve,STARVE,0
https://pub-42e8cb2c99e341d593579b74af71b94a.r2.dev/Videos/output/Tablet.mp4,en,ins,0,0,Tablet,TABLET,0
https://pub-42e8cb2c99e341d593579b74af71b94a.r2.dev/Videos/output/Take_a_Photo.mp4,en,ins,0,0,Take a Photo,TAKE_PHOTO,0
https://pub-42e8cb2c99e341d593579b74af71b94a.r2.dev/Videos/output/Taste.mp4,en,ins,0,0,Taste,TASTE,0
https://pub-42e8cb2c99e341d593579b74af71b94a.r2.dev/Videos/output/Tax.mp4,en,ins,0,0,Tax,TAX,0
https://pub-42e8cb2c99e341d593579b74af71b94a.r2.dev/Videos/output/Teach.mp4,en,ins,0,0,Teach,TEACH,0
https://pub-42e8cb2c99e341d593579b74af71b94a.r2.dev/Videos/output/Teacher.mp4,en,ins,0,0,Teacher,TEACHER,0
https://pub-42e8cb2c99e341d593579b74af71b94a.r2.dev/Videos/output/Team.mp4,en,ins,0,0,Team,TEAM,0
https://pub-42e8cb2c99e341d593579b74af71b94a.r2.dev/Videos/output/Television.mp4,en,ins,0,0,Television,TELEVISION,0
https://pub-42e8cb2c99e341d593579b74af71b94a.r2.dev/Videos/output/Temple.mp4,en,ins,0,0,Temple,TEMPLE,0
https://pub-42e8cb2c99e341d593579b74af71b94a.r2.dev/Videos/output/Tension.mp4,en,ins,0,0,Tension,TENSION,0
https://pub-42e8cb2c99e341d593579b74af71b94a.r2.dev/Videos/output/Thank_You.mp4,en,ins,0,0,Thank You,THANK_YOU,0
https://pub-42e8cb2c99e341d593579b74af71b94a.r2.dev/Videos/output/Things.mp4,en,ins,0,0,Things,THINGS,0
https://pub-42e8cb2c99e341d593579b74af71b94a.r2.dev/Videos/output/Thirsty.mp4,en,ins,0,0,Thirsty,THIRSTY,0
https://pub-42e8cb2c99e341d593579b74af71b94a.r2.dev/Videos/output/Throw.mp4,en,ins,0,0,Throw,THROW,0
https://pub-42e8cb2c99e341d593579b74af71b94a.r2.dev/Videos/output/Thursday.mp4,en,ins,0,0,Thursday,THURSDAY,0
https://pub-42e8cb2c99e341d593579b74af71b94a.r2.dev/Videos/output/Tiffin.mp4,en,ins,0,0,Tiffin,TIFFIN,0
https://pub-42e8cb2c99e341d593579b74af71b94a.r2.dev/Videos/output/Time.mp4,en,ins,0,0,Time,TIME,0
https://pub-42e8cb2c99e341d593579b74af71b94a.r2.dev/Videos/output/Tooth.mp4,en,ins,0,0,Tooth,TOOTH,0
https://pub-42e8cb2c99e341d593579b74af71b94a.r2.dev/Videos/output/Toothbrush.mp4,en,ins,0,0,Toothbrush,TOOTHBRUSH,0
https://pub-42e8cb2c99e341d593579b74af71b94a.r2.dev/Videos/output/Toothpaste.mp4,en,ins,0,0,Toothpaste,TOOTHPASTE,0
https://pub-42e8cb2c99e341d593579b74af71b94a.r2.dev/Videos/output/Traffic.mp4,en,ins,0,0,Traffic,TRAFFIC,0
https://pub-42e8cb2c99e341d593579b74af71b94a.r2.dev/Videos/output/Umpire.mp4,en,ins,0,0,Umpire,UMPIRE,0
https://pub-42e8cb2c99e341d593579b74af71b94a.r2.dev/Videos/output/Uncle.mp4,en,ins,0,0,Uncle,UNCLE,0
https://pub-42e8cb2c99e341d593579b74af71b94a.r2.dev/Videos/output/Uncomfortable.mp4,en,ins,0,0,Uncomfortable,UNCOMFORTABLE,0
https://pub-42e8cb2c99e341d593579b74af71b94a.r2.dev/Videos/output/Under.mp4,en,ins,0,0,Under,UNDER,0
https://pub-42e8cb2c99e341d593579b74af71b94a.r2.dev/Videos/output/Unemployed.mp4,en,ins,0,0,Unemployed,UNEMPLOYED,0
https://pub-42e8cb2c99e341d593579b74af71b94a.r2.dev/Videos/output/Unhappy.mp4,en,ins,0,0,Unhappy,UNHAPPY,0
https://pub-42e8cb2c99e341d593579b74af71b94a.r2.dev/Videos/output/Unite_Unity.mp4,en,ins,0,0,Unite,UNITE,0
https://pub-42e8cb2c99e341d593579b74af71b94a.r2.dev/Videos/output/University.mp4,en,ins,0,0,University,UNIVERSITY,0
https://pub-42e8cb2c99e341d593579b74af71b94a.r2.dev/Videos/output/Unofficial.mp4,en,ins,0,0,Unofficial,UNOFFICIAL,0
https://pub-42e8cb2c99e341d593579b74af71b94a.r2.dev/Videos/output/Up.mp4,en,ins,0,0,Up,UP,0
https://pub-42e8cb2c99e341d593579b74af71b94a.r2.dev/Videos/output/Update.mp4,en,ins,0,0,Update,UPDATE,0
https://pub-42e8cb2c99e341d593579b74af71b94a.r2.dev/Videos/output/Upset.mp4,en,ins,0,0,Upset,UPSET,0
https://pub-42e8cb2c99e341d593579b74af71b94a.r2.dev/Videos/output/Urgent.mp4,en,ins,0,0,Urgent,URGENT,0
https://pub-42e8cb2c99e341d593579b74af71b94a.r2.dev/Videos/output/Urine.mp4,en,ins,0,0,Urine,URINE,0
https://pub-42e8cb2c99e341d593579b74af71b94a.r2.dev/Videos/output/Vaccine.mp4,en,ins,0,0,Vaccine,VACCINE,0
https://pub-42e8cb2c99e341d593579b74af71b94a.r2.dev/Videos/output/Van.mp4,en,ins,0,0,Van,VAN,0
https://pub-42e8cb2c99e341d593579b74af71b94a.r2.dev/Videos/output/Variation.mp4,en,ins,0,0,Variation,VARIATION,0
https://pub-42e8cb2c99e341d593579b74af71b94a.r2.dev/Videos/output/Vegetables.mp4,en,ins,0,0,Vegetables,VEGETABLES,0
https://pub-42e8cb2c99e341d593579b74af71b94a.r2.dev/Videos/output/Vehicle.mp4,en,ins,0,0,Vehicle,VEHICLE,0
https://pub-42e8cb2c99e341d593579b74af71b94a.r2.dev/Videos/output/Very.mp4,en,ins,0,0,Very,VERY,0
https://pub-42e8cb2c99e341d593579b74af71b94a.r2.dev/Videos/output/Very_Hot.mp4,en,ins,0,0,Very Hot,VERY_HOT,0
https://pub-42e8cb2c99e341d593579b74af71b94a.r2.dev/Videos/output/Video_Call.mp4,en,ins,0,0,Video Call,VIDEO_CALL,0
https://pub-42e8cb2c99e341d593579b74af71b94a.r2.dev/Videos/output/Videographer.mp4,en,ins,0,0,Videographer,VIDEOGRAPHER,0
https://pub-42e8cb2c99e341d593579b74af71b94a.r2.dev/Videos/output/Village.mp4,en,ins,0,0,Village,VILLAGE,0
https://pub-42e8cb2c99e341d593579b74af71b94a.r2.dev/Videos/output/Virus.mp4,en,ins,0,0,Virus,VIRUS,0
https://pub-42e8cb2c99e341d593579b74af71b94a.r2.dev/Videos/output/Visit.mp4,en,ins,0,0,Visit,VISIT,0
https://pub-42e8cb2c99e341d593579b74af71b94a.r2.dev/Videos/output/Voice.mp4,en,ins,0,0,Voice,VOICE,0
https://pub-42e8cb2c99e341d593579b74af71b94a.r2.dev/Videos/output/Volleyball.mp4,en,ins,0,0,Volleyball,VOLLEYBALL,0
https://pub-42e8cb2c99e341d593579b74af71b94a.r2.dev/Videos/output/Vomiting.mp4,en,ins,0,0,Vomiting,VOMITING,0
https://pub-42e8cb2c99e341d593579b74af71b94a.r2.dev/Videos/output/Wait.mp4,en,ins,0,0,Wait,WAIT,0
https://pub-42e8cb2c99e341d593579b74af71b94a.r2.dev/Videos/output/Wake.mp4,en,ins,0,0,Wake,WAKE,0
https://pub-42e8cb2c99e341d593579b74af71b94a.r2.dev/Videos/output/Walk.mp4,en,ins,0,0,Walk,WALK,0
https://pub-42e8cb2c99e341d593579b74af71b94a.r2.dev/Videos/output/Wallet.mp4,en,ins,0,0,Wallet,WALLET,0
https://pub-42e8cb2c99e341d593579b74af71b94a.r2.dev/Videos/output/War.mp4,en,ins,0,0,War,WAR,0
https://pub-42e8cb2c99e341d593579b74af71b94a.r2.dev/Videos/output/Warm.mp4,en,ins,0,0,Warm,WARM,0
https://pub-42e8cb2c99e341d593579b74af71b94a.r2.dev/Videos/output/Wash.mp4,en,ins,0,0,Wash,WASH,0
https://pub-42e8cb2c99e341d593579b74af71b94a.r2.dev/Videos/output/Washroom.mp4,en,ins,0,0,Washroom,WASHROOM,0
https://pub-42e8cb2c99e341d593579b74af71b94a.r2.dev/Videos/output/Waste.mp4,en,ins,0,0,Waste,WASTE,0
https://pub-42e8cb2c99e341d593579b74af71b94a.r2.dev/Videos/output/Water.mp4,en,ins,0,0,Water,WATER,0
https://pub-42e8cb2c99e341d593579b74af71b94a.r2.dev/Videos/output/Way.mp4,en,ins,0,0,Way,WAY,0
https://pub-42e8cb2c99e341d593579b74af71b94a.r2.dev/Videos/output/We.mp4,en,ins,0,0,We,WE,0
https://pub-42e8cb2c99e341d593579b74af71b94a.r2.dev/Videos/output/Weak.mp4,en,ins,0,0,Weak,WEAK,0
https://pub-42e8cb2c99e341d593579b74af71b94a.r2.dev/Videos/output/Wear.mp4,en,ins,0,0,Wear,WEAR,0
https://pub-42e8cb2c99e341d593579b74af71b94a.r2.dev/Videos/output/Weather.mp4,en,ins,0,0,Weather,WEATHER,0
https://pub-42e8cb2c99e341d593579b74af71b94a.r2.dev/Videos/output/Wedding.mp4,en,ins,0,0,Wedding,WEDDING,0
https://pub-42e8cb2c99e341d593579b74af71b94a.r2.dev/Videos/output/Weight_Weigh_Weighing_Scale.mp4,en,ins,0,0,Weight,WEIGHT,0
https://pub-42e8cb2c99e341d593579b74af71b94a.r2.dev/Videos/output/Welcome.mp4,en,ins,0,0,Welcome,WELCOME,0
https://pub-42e8cb2c99e341d593579b74af71b94a.r2.dev/Videos/output/Wet.mp4,en,ins,0,0,Wet,WET,0
https://pub-42e8cb2c99e341d593579b74af71b94a.r2.dev/Videos/output/What.mp4,en,ins,0,0,What,WHAT,0
https://pub-42e8cb2c99e341d593579b74af71b94a.r2.dev/Videos/output/Whatever.mp4,en,ins,0,0,Whatever,WHATEVER,0
https://pub-42e8cb2c99e341d593579b74af71b94a.r2.dev/Videos/output/When_(For_Days).mp4,en,ins,0,0,When,WHEN,0
https://pub-42e8cb2c99e341d593579b74af71b94a.r2.dev/Videos/output/Where.mp4,en,ins,0,0,Where,WHERE,0
https://pub-42e8cb2c99e341d593579b74af71b94a.r2.dev/Videos/output/Which.mp4,en,ins,0,0,Which,WHICH,0
https://pub-42e8cb2c99e341d593579b74af71b94a.r2.dev/Videos/output/While.mp4,en,ins,0,0,While,WHILE,0
https://pub-42e8cb2c99e341d593579b74af71b94a.r2.dev/Videos/output/Who_Whom.mp4,en,ins,0,0,Who,WHO,0
https://pub-42e8cb2c99e341d593579b74af71b94a.r2.dev/Videos/output/Why.mp4,en,ins,0,0,Why,WHY,0
https://pub-42e8cb2c99e341d593579b74af71b94a.r2.dev/Videos/output/Wife.mp4,en,ins,0,0,Wife,WIFE,0
https://pub-42e8cb2c99e341d593579b74af71b94a.r2.dev/Videos/output/Win.mp4,en,ins,0,0,Win,WIN,0
https://pub-42e8cb2c99e341d593579b74af71b94a.r2.dev/Videos/output/Wind.mp4,en,ins,0,0,Wind,WIND,0
https://pub-42e8cb2c99e341d593579b74af71b94a.r2.dev/Videos/output/Without.mp4,en,ins,0,0,Without,WITHOUT,0
https://pub-42e8cb2c99e341d593579b74af71b94a.r2.dev/Videos/output/Woman_Female.mp4,en,ins,0,0,Woman,WOMAN,0
https://pub-42e8cb2c99e341d593579b74af71b94a.r2.dev/Videos/output/Word.mp4,en,ins,0,0,Word,WORD,0
https://pub-42e8cb2c99e341d593579b74af71b94a.r2.dev/Videos/output/Work.mp4,en,ins,0,0,Work,WORK,0
https://pub-42e8cb2c99e341d593579b74af71b94a.r2.dev/Videos/output/Worry.mp4,en,ins,0,0,Worry,WORRY,0
https://pub-42e8cb2c99e341d593579b74af71b94a.r2.dev/Videos/output/Wound.mp4,en,ins,0,0,Wound,WOUND,0
https://pub-42e8cb2c99e341d593579b74af71b94a.r2.dev/Videos/output/Write.mp4,en,ins,0,0,Write,WRITE,0
https://pub-42e8cb2c99e341d593579b74af71b94a.r2.dev/Videos/output/Wrong(Incorrect).mp4,en,ins,0,0,Wrong,WRONG,0
https://pub-42e8cb2c99e341d593579b74af71b94a.r2.dev/Videos/output/X-Ray.mp4,en,ins,0,0,X-Ray,X-RAY,0
https://pub-42e8cb2c99e341d593579b74af71b94a.r2.dev/Videos/output/Year.mp4,en,ins,0,0,Year,YEAR,0
https://pub-42e8cb2c99e341d593579b74af71b94a.r2.dev/Videos/output/Yellow.mp4,en,ins,0,0,Yellow,YELLOW,0
https://pub-42e8cb2c99e341d593579b74af71b94a.r2.dev/Videos/output/Yes.mp4,en,ins,0,0,Yes,YES,0
https://pub-42e8cb2c99e341d593579b74af71b94a.r2.dev/Videos/output/Yesterday.mp4,en,ins,0,0,Yesterday,YESTERDAY,0
https://pub-42e8cb2c99e341d593579b74af71b94a.r2.dev/Videos/output/Yoga.mp4,en,ins,0,0,Yoga,YOGA,0
https://pub-42e8cb2c99e341d593579b74af71b94a.r2.dev/Videos/output/You.mp4,en,ins,0,0,You,YOU,0
https://pub-42e8cb2c99e341d593579b74af71b94a.r2.dev/Videos/output/Young.mp4,en,ins,0,0,Young,YOUNG,0
https://pub-42e8cb2c99e341d593579b74af71b94a.r2.dev/Videos/output/Yourself.mp4,en,ins,0,0,Yourself,YOURSELF,0
https://pub-42e8cb2c99e341d593579b74af71b94a.r2.dev/Videos/output/Youth.mp4,en,ins,0,0,Youth,YOUTH,0
https://pub-42e8cb2c99e341d593579b74af71b94a.r2.dev/Videos/output/Zebra_Crossing.mp4,en,ins,0,0,Zebra Crossing,ZEBRA_CROSSING,0
https://pub-42e8cb2c99e341d593579b74af71b94a.r2.dev/Videos/output/Zero.mp4,en,ins,0,0,Zero,ZERO,0
https://pub-42e8cb2c99e341d593579b74af71b94a.r2.dev/Videos/output/Zigzag.mp4,en,ins,0,0,Zigzag,ZIGZAG,0
https://pub-42e8cb2c99e341d593579b74af71b94a.r2.dev/Videos/output/Zone.mp4,en,ins,0,0,Zone,ZONE,0
https://pub-42e8cb2c99e341d593579b74af71b94a.r2.dev/Videos/output/Zoo.mp4,en,ins,0,0,Zoo,ZOO,0
https://pub-42e8cb2c99e341d593579b74af71b94a.r2.dev/Videos/output/Zoo.mp4,en,ins,0,0,Zoo,ZOO,0
https://pub-42e8cb2c99e341d593579b74af71b94a.r2.dev/Videos/output/Able_Can.mp4,en,ins,0,0,Can,CAN,0
https://pub-42e8cb2c99e341d593579b74af71b94a.r2.dev/Videos/output/Wrong(Incorrect).mp4,en,ins,0,0,Incorrect,INCORRECT,0
https://pub-42e8cb2c99e341d593579b74af71b94a.r2.dev/Videos/output/Woman_Female.mp4,en,ins,0,0,Female,FEMALE,0
https://pub-42e8cb2c99e341d593579b74af71b94a.r2.dev/Videos/output/Who_Whom.mp4,en,ins,0,0,Whom,WHOM,0
https://pub-42e8cb2c99e341d593579b74af71b94a.r2.dev/Videos/output/Abort_Cancel.mp4,en,ins,0,0,Cancel,CANCEL,0
https://pub-42e8cb2c99e341d593579b74af71b94a.r2.dev/Videos/output/Weight_Weigh_Weighing_Scale.mp4,en,ins,0,0,Weigh,WEIGH,0
https://pub-42e8cb2c99e341d593579b74af71b94a.r2.dev/Videos/output/Weight_Weigh_Weighing_Scale.mp4,en,ins,0,0,Weighing Scale,WEIGHING_SCALE,0
https://pub-42e8cb2c99e341d593579b74af71b94a.r2.dev/Videos/output/Abroad_Overseas.mp4,en,ins,0,0,overseas,OVERSEAS,0
https://pub-42e8cb2c99e341d593579b74af71b94a.r2.dev/Videos/output/Unite_Unity.mp4,en,ins,0,0,Unity,UNITY,0
https://pub-42e8cb2c99e341d593579b74af71b94a.r2.dev/Videos/output/Accuse_Blame.mp4,en,ins,0,0,Blame,BLAME,0
https://pub-42e8cb2c99e341d593579b74af71b94a.r2.dev/Videos/output/Ache_Pain.mp4,en,ins,0,0,Pain,PAIN,0
https://pub-42e8cb2c99e341d593579b74af71b94a.r2.dev/Videos/output/Add_More.mp4,en,ins,0,0,More,MORE,0
https://pub-42e8cb2c99e341d593579b74af71b94a.r2.dev/Videos/output/Again_Repeat.mp4,en,ins,0,0,Repeat,REPEAT,0
https://pub-42e8cb2c99e341d593579b74af71b94a.r2.dev/Videos/output/Almost_Nearly.mp4,en,ins,0,0,Nearly,NEARLY,0
https://pub-42e8cb2c99e341d593579b74af71b94a.r2.dev/Videos/output/Bike_Motorcycle.mp4,en,ins,0,0,Motorcycle,MOTORCYCLE,0
https://pub-42e8cb2c99e341d593579b74af71b94a.r2.dev/Videos/output/Fail_Unsuccessful.mp4,en,ins,0,0,Unsuccessful,UNSUCCESSFUL,0
https://pub-42e8cb2c99e341d593579b74af71b94a.r2.dev/Videos/output/House_Home.mp4,en,ins,0,0,Home,HOME,0
https://pub-42e8cb2c99e341d593579b74af71b94a.r2.dev/Videos/output/I_Me.mp4,en,ins,0,0,Me,ME,0
https://pub-42e8cb2c99e341d593579b74af71b94a.r2.dev/Videos/output/Jobless_Unemployed.mp4,en,ins,0,0,Unemployed,UNEMPLOYED,0
https://pub-42e8cb2c99e341d593579b74af71b94a.r2.dev/Videos/output/Key_Ring_Key_Chain.mp4,en,ins,0,0,Key Chain,KEY_CHAIN,0
https://pub-42e8cb2c99e341d593579b74af71b94a.r2.dev/Videos/output/Lazy__Inactive.mp4,en,ins,0,0,Inactive,INACTIVE,0
https://pub-42e8cb2c99e341d593579b74af71b94a.r2.dev/Videos/output/None_Nothing_Empty.mp4,en,ins,0,0,Nothing,NOTHING,0
https://pub-42e8cb2c99e341d593579b74af71b94a.r2.dev/Videos/output/None_Nothing_Empty.mp4,en,ins,0,0,Empty,EMPTY,0
https://pub-42e8cb2c99e341d593579b74af71b94a.r2.dev/Videos/output/Old_Aged_Elderly_(Person).mp4,en,ins,0,0,Elderly Person,ELDERLY_(PERSON),0
https://pub-42e8cb2c99e341d593579b74af71b94a.r2.dev/Videos/output/Pants_Trousers.mp4,en,ins,0,0,Trousers,TROUSERS,0
https://pub-42e8cb2c99e341d593579b74af71b94a.r2.dev/Videos/output/Achieve.mp4,en,ins,0,0,Accomplish,ACCOMPLISH,0
https://pub-42e8cb2c99e341d593579b74af71b94a.r2.dev/Videos/output/Advantage.mp4,en,ins,0,0,Benefit,BENEFIT,0
https://pub-42e8cb2c99e341d593579b74af71b94a.r2.dev/Videos/output/Alike.mp4,en,ins,0,0,Similar,SIMILAR,0
https://pub-42e8cb2c99e341d593579b74af71b94a.r2.dev/Videos/output/Decide.mp4,en,ins,0,0,Choose,CHOOSE,0
https://pub-42e8cb2c99e341d593579b74af71b94a.r2.dev/Videos/output/Blanket.mp4,en,ins,0,0,Bedsheet,BEDSHEET,0
https://pub-42e8cb2c99e341d593579b74af71b94a.r2.dev/Videos/output/Cop.mp4,en,ins,0,0,Police,POLICE,0
https://pub-42e8cb2c99e341d593579b74af71b94a.r2.dev/Videos/output/Cure.mp4,en,ins,0,0,Remedy,REMEDY,0
https://pub-42e8cb2c99e341d593579b74af71b94a.r2.dev/Videos/output/Deceive.mp4,en,ins,0,0,Betray,BETRAY,0
https://pub-42e8cb2c99e341d593579b74af71b94a.r2.dev/Videos/output/Deceive.mp4,en,ins,0,0,Cheat,CHEAT,0
https://pub-42e8cb2c99e341d593579b74af71b94a.r2.dev/Videos/output/Honest.mp4,en,ins,0,0,Truthful,TRUTHFUL,0
https://pub-42e8cb2c99e341d593579b74af71b94a.r2.dev/Videos/output/Infection.mp4,en,ins,0,0,Contamination,CONTAMINATION,0
https://pub-42e8cb2c99e341d593579b74af71b94a.r2.dev/Videos/output/Quiet.mp4,en,ins,0,0,Silent,SILENT,0
https://pub-42e8cb2c99e341d593579b74af71b94a.r2.dev/Videos/output/Quickly.mp4,en,ins,0,0,Fastly,FASTLY,0
https://pub-42e8cb2c99e341d593579b74af71b94a.r2.dev/Videos/output/Injury.mp4,en,ins,0,0,Hurt,HURT,0
https://pub-42e8cb2c99e341d593579b74af71b94a.r2.dev/Videos/output/Increase.mp4,en,ins,0,0,Grow,GROW,0
https://pub-42e8cb2c99e341d593579b74af71b94a.r2.dev/Videos/output/Movie.mp4,en,ins,0,0,Film,FILM,0
https://pub-42e8cb2c99e341d593579b74af71b94a.r2.dev/Videos/output/Movie.mp4,en,ins,0,0,Cinema,CINEMA,0
https://pub-42e8cb2c99e341d593579b74af71b94a.r2.dev/Videos/output/Job.mp4,en,ins,0,0,Occupation,OCCUPATION,0
https://pub-42e8cb2c99e341d593579b74af71b94a.r2.dev/Videos/output/Job.mp4,en,ins,0,0,Profession,PROFESSION,0
https://pub-42e8cb2c99e341d593579b74af71b94a.r2.dev/Videos/output/Recognize.mp4,en,ins,0,0,Identify,IDENTIFY,0
https://pub-42e8cb2c99e341d593579b74af71b94a.r2.dev/Videos/output/Mother.mp4,en,ins,0,0,Mom,MOM,0
https://pub-42e8cb2c99e341d593579b74af71b94a.r2.dev/Videos/output/Music.mp4,en,ins,0,0,Song,SONG,0
https://pub-42e8cb2c99e341d593579b74af71b94a.r2.dev/Videos/output/Team.mp4,en,ins,0,0,Group,GROUP,0
https://pub-42e8cb2c99e341d593579b74af71b94a.r2.dev/Videos/output/Sleep.mp4,en,ins,0,0,Nap,NAP,0
https://pub-42e8cb2c99e341d593579b74af71b94a.r2.dev/Videos/output/Sleep.mp4,en,ins,0,0,Rest,REST,0
https://pub-42e8cb2c99e341d593579b74af71b94a.r2.dev/Videos/output/Win.mp4,en,ins,0,0,Victory,VICTORY,0
https://pub-42e8cb2c99e341d593579b74af71b94a.r2.dev/Videos/output/Secret.mp4,en,ins,0,0,Confidential,CONFIDENTIAL,0
https://pub-42e8cb2c99e341d593579b74af71b94a.r2.dev/Videos/output/Wife.mp4,en,ins,0,0,Spouse,SPOUSE,0
https://pub-42e8cb2c99e341d593579b74af71b94a.r2.dev/Videos/output/Query.mp4,en,ins,0,0,Doubt,DOUBT,0